class	path
org.springframework.messaging.handler.DestinationPatternsMessageCondition	/Users/nima/Developer/null-repair-auto/projects/spring-framework/spring-messaging/src/main/java/org/springframework/messaging/handler/DestinationPatternsMessageCondition.java
org.springframework.messaging.handler.AbstractMessageCondition	/Users/nima/Developer/null-repair-auto/projects/spring-framework/spring-messaging/src/main/java/org/springframework/messaging/handler/AbstractMessageCondition.java
org.springframework.messaging.handler.MessageCondition	/Users/nima/Developer/null-repair-auto/projects/spring-framework/spring-messaging/src/main/java/org/springframework/messaging/handler/MessageCondition.java
org.springframework.messaging.Message	/Users/nima/Developer/null-repair-auto/projects/spring-framework/spring-messaging/src/main/java/org/springframework/messaging/Message.java
org.springframework.messaging.MessageHeaders	/Users/nima/Developer/null-repair-auto/projects/spring-framework/spring-messaging/src/main/java/org/springframework/messaging/MessageHeaders.java
org.springframework.messaging.handler.invocation.InvocableHandlerMethod	/Users/nima/Developer/null-repair-auto/projects/spring-framework/spring-messaging/src/main/java/org/springframework/messaging/handler/invocation/InvocableHandlerMethod.java
org.springframework.messaging.handler.invocation.InvocableHandlerMethod$AsyncResultMethodParameter	/Users/nima/Developer/null-repair-auto/projects/spring-framework/spring-messaging/src/main/java/org/springframework/messaging/handler/invocation/InvocableHandlerMethod.java
org.springframework.messaging.handler.HandlerMethod	/Users/nima/Developer/null-repair-auto/projects/spring-framework/spring-messaging/src/main/java/org/springframework/messaging/handler/HandlerMethod.java
org.springframework.messaging.handler.invocation.HandlerMethodArgumentResolverComposite	/Users/nima/Developer/null-repair-auto/projects/spring-framework/spring-messaging/src/main/java/org/springframework/messaging/handler/invocation/HandlerMethodArgumentResolverComposite.java
org.springframework.messaging.handler.invocation.HandlerMethodArgumentResolver	/Users/nima/Developer/null-repair-auto/projects/spring-framework/spring-messaging/src/main/java/org/springframework/messaging/handler/invocation/HandlerMethodArgumentResolver.java
org.springframework.messaging.handler.invocation.AbstractMethodMessageHandler	/Users/nima/Developer/null-repair-auto/projects/spring-framework/spring-messaging/src/main/java/org/springframework/messaging/handler/invocation/AbstractMethodMessageHandler.java
org.springframework.messaging.handler.invocation.AbstractMethodMessageHandler$Match	/Users/nima/Developer/null-repair-auto/projects/spring-framework/spring-messaging/src/main/java/org/springframework/messaging/handler/invocation/AbstractMethodMessageHandler.java
org.springframework.messaging.handler.invocation.AbstractMethodMessageHandler$MatchComparator	/Users/nima/Developer/null-repair-auto/projects/spring-framework/spring-messaging/src/main/java/org/springframework/messaging/handler/invocation/AbstractMethodMessageHandler.java
org.springframework.messaging.handler.invocation.AbstractMethodMessageHandler$ReturnValueListenableFutureCallback	/Users/nima/Developer/null-repair-auto/projects/spring-framework/spring-messaging/src/main/java/org/springframework/messaging/handler/invocation/AbstractMethodMessageHandler.java
org.springframework.messaging.MessageHandler	/Users/nima/Developer/null-repair-auto/projects/spring-framework/spring-messaging/src/main/java/org/springframework/messaging/MessageHandler.java
org.springframework.messaging.handler.invocation.HandlerMethodReturnValueHandler	/Users/nima/Developer/null-repair-auto/projects/spring-framework/spring-messaging/src/main/java/org/springframework/messaging/handler/invocation/HandlerMethodReturnValueHandler.java
org.springframework.messaging.handler.invocation.HandlerMethodReturnValueHandlerComposite	/Users/nima/Developer/null-repair-auto/projects/spring-framework/spring-messaging/src/main/java/org/springframework/messaging/handler/invocation/HandlerMethodReturnValueHandlerComposite.java
org.springframework.messaging.handler.invocation.AsyncHandlerMethodReturnValueHandler	/Users/nima/Developer/null-repair-auto/projects/spring-framework/spring-messaging/src/main/java/org/springframework/messaging/handler/invocation/AsyncHandlerMethodReturnValueHandler.java
org.springframework.messaging.handler.invocation.AbstractExceptionHandlerMethodResolver	/Users/nima/Developer/null-repair-auto/projects/spring-framework/spring-messaging/src/main/java/org/springframework/messaging/handler/invocation/AbstractExceptionHandlerMethodResolver.java
org.springframework.messaging.handler.MessagingAdviceBean	/Users/nima/Developer/null-repair-auto/projects/spring-framework/spring-messaging/src/main/java/org/springframework/messaging/handler/MessagingAdviceBean.java
org.springframework.messaging.MessagingException	/Users/nima/Developer/null-repair-auto/projects/spring-framework/spring-messaging/src/main/java/org/springframework/messaging/MessagingException.java
org.springframework.messaging.handler.invocation.reactive.ArgumentResolverConfigurer	/Users/nima/Developer/null-repair-auto/projects/spring-framework/spring-messaging/src/main/java/org/springframework/messaging/handler/invocation/reactive/ArgumentResolverConfigurer.java
org.springframework.messaging.handler.invocation.reactive.HandlerMethodArgumentResolver	/Users/nima/Developer/null-repair-auto/projects/spring-framework/spring-messaging/src/main/java/org/springframework/messaging/handler/invocation/reactive/HandlerMethodArgumentResolver.java
org.springframework.messaging.handler.invocation.reactive.InvocableHelper	/Users/nima/Developer/null-repair-auto/projects/spring-framework/spring-messaging/src/main/java/org/springframework/messaging/handler/invocation/reactive/InvocableHelper.java
org.springframework.messaging.handler.invocation.reactive.HandlerMethodArgumentResolverComposite	/Users/nima/Developer/null-repair-auto/projects/spring-framework/spring-messaging/src/main/java/org/springframework/messaging/handler/invocation/reactive/HandlerMethodArgumentResolverComposite.java
org.springframework.messaging.handler.invocation.reactive.HandlerMethodReturnValueHandlerComposite	/Users/nima/Developer/null-repair-auto/projects/spring-framework/spring-messaging/src/main/java/org/springframework/messaging/handler/invocation/reactive/HandlerMethodReturnValueHandlerComposite.java
org.springframework.messaging.handler.invocation.reactive.HandlerMethodReturnValueHandler	/Users/nima/Developer/null-repair-auto/projects/spring-framework/spring-messaging/src/main/java/org/springframework/messaging/handler/invocation/reactive/HandlerMethodReturnValueHandler.java
org.springframework.messaging.handler.invocation.reactive.InvocableHandlerMethod	/Users/nima/Developer/null-repair-auto/projects/spring-framework/spring-messaging/src/main/java/org/springframework/messaging/handler/invocation/reactive/InvocableHandlerMethod.java
org.springframework.messaging.handler.invocation.reactive.ReturnValueHandlerConfigurer	/Users/nima/Developer/null-repair-auto/projects/spring-framework/spring-messaging/src/main/java/org/springframework/messaging/handler/invocation/reactive/ReturnValueHandlerConfigurer.java
org.springframework.messaging.handler.invocation.reactive.AbstractMethodMessageHandler	/Users/nima/Developer/null-repair-auto/projects/spring-framework/spring-messaging/src/main/java/org/springframework/messaging/handler/invocation/reactive/AbstractMethodMessageHandler.java
org.springframework.messaging.handler.invocation.reactive.AbstractMethodMessageHandler$Match	/Users/nima/Developer/null-repair-auto/projects/spring-framework/spring-messaging/src/main/java/org/springframework/messaging/handler/invocation/reactive/AbstractMethodMessageHandler.java
org.springframework.messaging.handler.invocation.reactive.AbstractMethodMessageHandler$MatchComparator	/Users/nima/Developer/null-repair-auto/projects/spring-framework/spring-messaging/src/main/java/org/springframework/messaging/handler/invocation/reactive/AbstractMethodMessageHandler.java
org.springframework.messaging.ReactiveMessageHandler	/Users/nima/Developer/null-repair-auto/projects/spring-framework/spring-messaging/src/main/java/org/springframework/messaging/ReactiveMessageHandler.java
org.springframework.messaging.handler.invocation.reactive.SyncHandlerMethodArgumentResolver	/Users/nima/Developer/null-repair-auto/projects/spring-framework/spring-messaging/src/main/java/org/springframework/messaging/handler/invocation/reactive/SyncHandlerMethodArgumentResolver.java
org.springframework.messaging.handler.invocation.reactive.AbstractEncoderMethodReturnValueHandler	/Users/nima/Developer/null-repair-auto/projects/spring-framework/spring-messaging/src/main/java/org/springframework/messaging/handler/invocation/reactive/AbstractEncoderMethodReturnValueHandler.java
org.springframework.messaging.handler.invocation.reactive.ChannelSendOperator	/Users/nima/Developer/null-repair-auto/projects/spring-framework/spring-messaging/src/main/java/org/springframework/messaging/handler/invocation/reactive/ChannelSendOperator.java
org.springframework.messaging.handler.invocation.reactive.ChannelSendOperator$State	/Users/nima/Developer/null-repair-auto/projects/spring-framework/spring-messaging/src/main/java/org/springframework/messaging/handler/invocation/reactive/ChannelSendOperator.java
org.springframework.messaging.handler.invocation.reactive.ChannelSendOperator$WriteBarrier	/Users/nima/Developer/null-repair-auto/projects/spring-framework/spring-messaging/src/main/java/org/springframework/messaging/handler/invocation/reactive/ChannelSendOperator.java
org.springframework.messaging.handler.invocation.reactive.ChannelSendOperator$WriteCompletionBarrier	/Users/nima/Developer/null-repair-auto/projects/spring-framework/spring-messaging/src/main/java/org/springframework/messaging/handler/invocation/reactive/ChannelSendOperator.java
org.springframework.messaging.handler.invocation.ListenableFutureReturnValueHandler	/Users/nima/Developer/null-repair-auto/projects/spring-framework/spring-messaging/src/main/java/org/springframework/messaging/handler/invocation/ListenableFutureReturnValueHandler.java
org.springframework.messaging.handler.invocation.AbstractAsyncReturnValueHandler	/Users/nima/Developer/null-repair-auto/projects/spring-framework/spring-messaging/src/main/java/org/springframework/messaging/handler/invocation/AbstractAsyncReturnValueHandler.java
org.springframework.messaging.handler.invocation.ReactiveReturnValueHandler	/Users/nima/Developer/null-repair-auto/projects/spring-framework/spring-messaging/src/main/java/org/springframework/messaging/handler/invocation/ReactiveReturnValueHandler.java
org.springframework.messaging.handler.invocation.MethodArgumentResolutionException	/Users/nima/Developer/null-repair-auto/projects/spring-framework/spring-messaging/src/main/java/org/springframework/messaging/handler/invocation/MethodArgumentResolutionException.java
org.springframework.messaging.handler.invocation.CompletableFutureReturnValueHandler	/Users/nima/Developer/null-repair-auto/projects/spring-framework/spring-messaging/src/main/java/org/springframework/messaging/handler/invocation/CompletableFutureReturnValueHandler.java
org.springframework.messaging.handler.CompositeMessageCondition	/Users/nima/Developer/null-repair-auto/projects/spring-framework/spring-messaging/src/main/java/org/springframework/messaging/handler/CompositeMessageCondition.java
org.springframework.messaging.handler.annotation.MessageMapping	/Users/nima/Developer/null-repair-auto/projects/spring-framework/spring-messaging/src/main/java/org/springframework/messaging/handler/annotation/MessageMapping.java
org.springframework.messaging.handler.annotation.Payload	/Users/nima/Developer/null-repair-auto/projects/spring-framework/spring-messaging/src/main/java/org/springframework/messaging/handler/annotation/Payload.java
org.springframework.messaging.handler.annotation.reactive.ContinuationHandlerMethodArgumentResolver	/Users/nima/Developer/null-repair-auto/projects/spring-framework/spring-messaging/src/main/java/org/springframework/messaging/handler/annotation/reactive/ContinuationHandlerMethodArgumentResolver.java
org.springframework.messaging.handler.annotation.reactive.MessageMappingMessageHandler	/Users/nima/Developer/null-repair-auto/projects/spring-framework/spring-messaging/src/main/java/org/springframework/messaging/handler/annotation/reactive/MessageMappingMessageHandler.java
org.springframework.messaging.handler.annotation.reactive.PayloadMethodArgumentResolver	/Users/nima/Developer/null-repair-auto/projects/spring-framework/spring-messaging/src/main/java/org/springframework/messaging/handler/annotation/reactive/PayloadMethodArgumentResolver.java
org.springframework.messaging.handler.annotation.reactive.HeaderMethodArgumentResolver	/Users/nima/Developer/null-repair-auto/projects/spring-framework/spring-messaging/src/main/java/org/springframework/messaging/handler/annotation/reactive/HeaderMethodArgumentResolver.java
org.springframework.messaging.handler.annotation.reactive.HeaderMethodArgumentResolver$HeaderNamedValueInfo	/Users/nima/Developer/null-repair-auto/projects/spring-framework/spring-messaging/src/main/java/org/springframework/messaging/handler/annotation/reactive/HeaderMethodArgumentResolver.java
org.springframework.messaging.handler.annotation.reactive.AbstractNamedValueMethodArgumentResolver	/Users/nima/Developer/null-repair-auto/projects/spring-framework/spring-messaging/src/main/java/org/springframework/messaging/handler/annotation/reactive/AbstractNamedValueMethodArgumentResolver.java
org.springframework.messaging.handler.annotation.reactive.AbstractNamedValueMethodArgumentResolver$NamedValueInfo	/Users/nima/Developer/null-repair-auto/projects/spring-framework/spring-messaging/src/main/java/org/springframework/messaging/handler/annotation/reactive/AbstractNamedValueMethodArgumentResolver.java
org.springframework.messaging.handler.annotation.Header	/Users/nima/Developer/null-repair-auto/projects/spring-framework/spring-messaging/src/main/java/org/springframework/messaging/handler/annotation/Header.java
org.springframework.messaging.handler.annotation.reactive.DestinationVariableMethodArgumentResolver	/Users/nima/Developer/null-repair-auto/projects/spring-framework/spring-messaging/src/main/java/org/springframework/messaging/handler/annotation/reactive/DestinationVariableMethodArgumentResolver.java
org.springframework.messaging.handler.annotation.reactive.DestinationVariableMethodArgumentResolver$DestinationVariableNamedValueInfo	/Users/nima/Developer/null-repair-auto/projects/spring-framework/spring-messaging/src/main/java/org/springframework/messaging/handler/annotation/reactive/DestinationVariableMethodArgumentResolver.java
org.springframework.messaging.handler.annotation.DestinationVariable	/Users/nima/Developer/null-repair-auto/projects/spring-framework/spring-messaging/src/main/java/org/springframework/messaging/handler/annotation/DestinationVariable.java
org.springframework.messaging.handler.annotation.reactive.HeadersMethodArgumentResolver	/Users/nima/Developer/null-repair-auto/projects/spring-framework/spring-messaging/src/main/java/org/springframework/messaging/handler/annotation/reactive/HeadersMethodArgumentResolver.java
org.springframework.messaging.handler.annotation.MessageExceptionHandler	/Users/nima/Developer/null-repair-auto/projects/spring-framework/spring-messaging/src/main/java/org/springframework/messaging/handler/annotation/MessageExceptionHandler.java
org.springframework.messaging.handler.annotation.ValueConstants	/Users/nima/Developer/null-repair-auto/projects/spring-framework/spring-messaging/src/main/java/org/springframework/messaging/handler/annotation/ValueConstants.java
org.springframework.messaging.handler.annotation.Headers	/Users/nima/Developer/null-repair-auto/projects/spring-framework/spring-messaging/src/main/java/org/springframework/messaging/handler/annotation/Headers.java
org.springframework.messaging.handler.annotation.support.MessageMethodArgumentResolver	/Users/nima/Developer/null-repair-auto/projects/spring-framework/spring-messaging/src/main/java/org/springframework/messaging/handler/annotation/support/MessageMethodArgumentResolver.java
org.springframework.messaging.converter.MessageConverter	/Users/nima/Developer/null-repair-auto/projects/spring-framework/spring-messaging/src/main/java/org/springframework/messaging/converter/MessageConverter.java
org.springframework.messaging.handler.annotation.support.DefaultMessageHandlerMethodFactory	/Users/nima/Developer/null-repair-auto/projects/spring-framework/spring-messaging/src/main/java/org/springframework/messaging/handler/annotation/support/DefaultMessageHandlerMethodFactory.java
org.springframework.messaging.handler.annotation.support.MessageHandlerMethodFactory	/Users/nima/Developer/null-repair-auto/projects/spring-framework/spring-messaging/src/main/java/org/springframework/messaging/handler/annotation/support/MessageHandlerMethodFactory.java
org.springframework.messaging.handler.annotation.support.MethodArgumentTypeMismatchException	/Users/nima/Developer/null-repair-auto/projects/spring-framework/spring-messaging/src/main/java/org/springframework/messaging/handler/annotation/support/MethodArgumentTypeMismatchException.java
org.springframework.messaging.handler.annotation.support.PayloadMethodArgumentResolver	/Users/nima/Developer/null-repair-auto/projects/spring-framework/spring-messaging/src/main/java/org/springframework/messaging/handler/annotation/support/PayloadMethodArgumentResolver.java
org.springframework.messaging.handler.annotation.support.HeaderMethodArgumentResolver	/Users/nima/Developer/null-repair-auto/projects/spring-framework/spring-messaging/src/main/java/org/springframework/messaging/handler/annotation/support/HeaderMethodArgumentResolver.java
org.springframework.messaging.handler.annotation.support.HeaderMethodArgumentResolver$HeaderNamedValueInfo	/Users/nima/Developer/null-repair-auto/projects/spring-framework/spring-messaging/src/main/java/org/springframework/messaging/handler/annotation/support/HeaderMethodArgumentResolver.java
org.springframework.messaging.handler.annotation.support.AbstractNamedValueMethodArgumentResolver	/Users/nima/Developer/null-repair-auto/projects/spring-framework/spring-messaging/src/main/java/org/springframework/messaging/handler/annotation/support/AbstractNamedValueMethodArgumentResolver.java
org.springframework.messaging.handler.annotation.support.AbstractNamedValueMethodArgumentResolver$NamedValueInfo	/Users/nima/Developer/null-repair-auto/projects/spring-framework/spring-messaging/src/main/java/org/springframework/messaging/handler/annotation/support/AbstractNamedValueMethodArgumentResolver.java
org.springframework.messaging.handler.annotation.support.DestinationVariableMethodArgumentResolver	/Users/nima/Developer/null-repair-auto/projects/spring-framework/spring-messaging/src/main/java/org/springframework/messaging/handler/annotation/support/DestinationVariableMethodArgumentResolver.java
org.springframework.messaging.handler.annotation.support.DestinationVariableMethodArgumentResolver$DestinationVariableNamedValueInfo	/Users/nima/Developer/null-repair-auto/projects/spring-framework/spring-messaging/src/main/java/org/springframework/messaging/handler/annotation/support/DestinationVariableMethodArgumentResolver.java
org.springframework.messaging.handler.annotation.support.AnnotationExceptionHandlerMethodResolver	/Users/nima/Developer/null-repair-auto/projects/spring-framework/spring-messaging/src/main/java/org/springframework/messaging/handler/annotation/support/AnnotationExceptionHandlerMethodResolver.java
org.springframework.messaging.handler.annotation.support.HeadersMethodArgumentResolver	/Users/nima/Developer/null-repair-auto/projects/spring-framework/spring-messaging/src/main/java/org/springframework/messaging/handler/annotation/support/HeadersMethodArgumentResolver.java
org.springframework.messaging.handler.annotation.support.MethodArgumentNotValidException	/Users/nima/Developer/null-repair-auto/projects/spring-framework/spring-messaging/src/main/java/org/springframework/messaging/handler/annotation/support/MethodArgumentNotValidException.java
org.springframework.messaging.handler.annotation.SendTo	/Users/nima/Developer/null-repair-auto/projects/spring-framework/spring-messaging/src/main/java/org/springframework/messaging/handler/annotation/SendTo.java
org.springframework.messaging.handler.annotation.MessageMappingReflectiveProcessor	/Users/nima/Developer/null-repair-auto/projects/spring-framework/spring-messaging/src/main/java/org/springframework/messaging/handler/annotation/MessageMappingReflectiveProcessor.java
org.springframework.messaging.core.DestinationResolvingMessageRequestReplyOperations	/Users/nima/Developer/null-repair-auto/projects/spring-framework/spring-messaging/src/main/java/org/springframework/messaging/core/DestinationResolvingMessageRequestReplyOperations.java
org.springframework.messaging.core.MessageRequestReplyOperations	/Users/nima/Developer/null-repair-auto/projects/spring-framework/spring-messaging/src/main/java/org/springframework/messaging/core/MessageRequestReplyOperations.java
org.springframework.messaging.core.MessagePostProcessor	/Users/nima/Developer/null-repair-auto/projects/spring-framework/spring-messaging/src/main/java/org/springframework/messaging/core/MessagePostProcessor.java
org.springframework.messaging.core.GenericMessagingTemplate	/Users/nima/Developer/null-repair-auto/projects/spring-framework/spring-messaging/src/main/java/org/springframework/messaging/core/GenericMessagingTemplate.java
org.springframework.messaging.core.GenericMessagingTemplate$TemporaryReplyChannel	/Users/nima/Developer/null-repair-auto/projects/spring-framework/spring-messaging/src/main/java/org/springframework/messaging/core/GenericMessagingTemplate.java
org.springframework.messaging.core.AbstractDestinationResolvingMessagingTemplate	/Users/nima/Developer/null-repair-auto/projects/spring-framework/spring-messaging/src/main/java/org/springframework/messaging/core/AbstractDestinationResolvingMessagingTemplate.java
org.springframework.messaging.core.AbstractMessagingTemplate	/Users/nima/Developer/null-repair-auto/projects/spring-framework/spring-messaging/src/main/java/org/springframework/messaging/core/AbstractMessagingTemplate.java
org.springframework.messaging.core.AbstractMessageReceivingTemplate	/Users/nima/Developer/null-repair-auto/projects/spring-framework/spring-messaging/src/main/java/org/springframework/messaging/core/AbstractMessageReceivingTemplate.java
org.springframework.messaging.core.AbstractMessageSendingTemplate	/Users/nima/Developer/null-repair-auto/projects/spring-framework/spring-messaging/src/main/java/org/springframework/messaging/core/AbstractMessageSendingTemplate.java
org.springframework.messaging.core.MessageSendingOperations	/Users/nima/Developer/null-repair-auto/projects/spring-framework/spring-messaging/src/main/java/org/springframework/messaging/core/MessageSendingOperations.java
org.springframework.messaging.core.MessageReceivingOperations	/Users/nima/Developer/null-repair-auto/projects/spring-framework/spring-messaging/src/main/java/org/springframework/messaging/core/MessageReceivingOperations.java
org.springframework.messaging.core.DestinationResolvingMessageSendingOperations	/Users/nima/Developer/null-repair-auto/projects/spring-framework/spring-messaging/src/main/java/org/springframework/messaging/core/DestinationResolvingMessageSendingOperations.java
org.springframework.messaging.core.DestinationResolvingMessageReceivingOperations	/Users/nima/Developer/null-repair-auto/projects/spring-framework/spring-messaging/src/main/java/org/springframework/messaging/core/DestinationResolvingMessageReceivingOperations.java
org.springframework.messaging.MessageChannel	/Users/nima/Developer/null-repair-auto/projects/spring-framework/spring-messaging/src/main/java/org/springframework/messaging/MessageChannel.java
org.springframework.messaging.core.DestinationResolver	/Users/nima/Developer/null-repair-auto/projects/spring-framework/spring-messaging/src/main/java/org/springframework/messaging/core/DestinationResolver.java
org.springframework.messaging.core.DestinationResolutionException	/Users/nima/Developer/null-repair-auto/projects/spring-framework/spring-messaging/src/main/java/org/springframework/messaging/core/DestinationResolutionException.java
org.springframework.messaging.PollableChannel	/Users/nima/Developer/null-repair-auto/projects/spring-framework/spring-messaging/src/main/java/org/springframework/messaging/PollableChannel.java
org.springframework.messaging.core.CachingDestinationResolverProxy	/Users/nima/Developer/null-repair-auto/projects/spring-framework/spring-messaging/src/main/java/org/springframework/messaging/core/CachingDestinationResolverProxy.java
org.springframework.messaging.core.BeanFactoryMessageChannelDestinationResolver	/Users/nima/Developer/null-repair-auto/projects/spring-framework/spring-messaging/src/main/java/org/springframework/messaging/core/BeanFactoryMessageChannelDestinationResolver.java
org.springframework.messaging.MessageDeliveryException	/Users/nima/Developer/null-repair-auto/projects/spring-framework/spring-messaging/src/main/java/org/springframework/messaging/MessageDeliveryException.java
org.springframework.messaging.converter.ContentTypeResolver	/Users/nima/Developer/null-repair-auto/projects/spring-framework/spring-messaging/src/main/java/org/springframework/messaging/converter/ContentTypeResolver.java
org.springframework.messaging.converter.StringMessageConverter	/Users/nima/Developer/null-repair-auto/projects/spring-framework/spring-messaging/src/main/java/org/springframework/messaging/converter/StringMessageConverter.java
org.springframework.messaging.converter.AbstractMessageConverter	/Users/nima/Developer/null-repair-auto/projects/spring-framework/spring-messaging/src/main/java/org/springframework/messaging/converter/AbstractMessageConverter.java
org.springframework.messaging.converter.SmartMessageConverter	/Users/nima/Developer/null-repair-auto/projects/spring-framework/spring-messaging/src/main/java/org/springframework/messaging/converter/SmartMessageConverter.java
org.springframework.messaging.converter.MappingJackson2MessageConverter	/Users/nima/Developer/null-repair-auto/projects/spring-framework/spring-messaging/src/main/java/org/springframework/messaging/converter/MappingJackson2MessageConverter.java
org.springframework.messaging.converter.AbstractJsonMessageConverter	/Users/nima/Developer/null-repair-auto/projects/spring-framework/spring-messaging/src/main/java/org/springframework/messaging/converter/AbstractJsonMessageConverter.java
org.springframework.messaging.converter.ProtobufMessageConverter	/Users/nima/Developer/null-repair-auto/projects/spring-framework/spring-messaging/src/main/java/org/springframework/messaging/converter/ProtobufMessageConverter.java
org.springframework.messaging.converter.ProtobufMessageConverter$ProtobufFormatSupport	/Users/nima/Developer/null-repair-auto/projects/spring-framework/spring-messaging/src/main/java/org/springframework/messaging/converter/ProtobufMessageConverter.java
org.springframework.messaging.converter.ProtobufMessageConverter$ProtobufJavaUtilSupport	/Users/nima/Developer/null-repair-auto/projects/spring-framework/spring-messaging/src/main/java/org/springframework/messaging/converter/ProtobufMessageConverter.java
org.springframework.messaging.converter.MessageConversionException	/Users/nima/Developer/null-repair-auto/projects/spring-framework/spring-messaging/src/main/java/org/springframework/messaging/converter/MessageConversionException.java
org.springframework.messaging.converter.CompositeMessageConverter	/Users/nima/Developer/null-repair-auto/projects/spring-framework/spring-messaging/src/main/java/org/springframework/messaging/converter/CompositeMessageConverter.java
org.springframework.messaging.converter.DefaultContentTypeResolver	/Users/nima/Developer/null-repair-auto/projects/spring-framework/spring-messaging/src/main/java/org/springframework/messaging/converter/DefaultContentTypeResolver.java
org.springframework.messaging.converter.ProtobufJsonFormatMessageConverter	/Users/nima/Developer/null-repair-auto/projects/spring-framework/spring-messaging/src/main/java/org/springframework/messaging/converter/ProtobufJsonFormatMessageConverter.java
org.springframework.messaging.converter.MarshallingMessageConverter	/Users/nima/Developer/null-repair-auto/projects/spring-framework/spring-messaging/src/main/java/org/springframework/messaging/converter/MarshallingMessageConverter.java
org.springframework.messaging.converter.ByteArrayMessageConverter	/Users/nima/Developer/null-repair-auto/projects/spring-framework/spring-messaging/src/main/java/org/springframework/messaging/converter/ByteArrayMessageConverter.java
org.springframework.messaging.converter.SimpleMessageConverter	/Users/nima/Developer/null-repair-auto/projects/spring-framework/spring-messaging/src/main/java/org/springframework/messaging/converter/SimpleMessageConverter.java
org.springframework.messaging.converter.GsonMessageConverter	/Users/nima/Developer/null-repair-auto/projects/spring-framework/spring-messaging/src/main/java/org/springframework/messaging/converter/GsonMessageConverter.java
org.springframework.messaging.converter.GenericMessageConverter	/Users/nima/Developer/null-repair-auto/projects/spring-framework/spring-messaging/src/main/java/org/springframework/messaging/converter/GenericMessageConverter.java
org.springframework.messaging.converter.JsonbMessageConverter	/Users/nima/Developer/null-repair-auto/projects/spring-framework/spring-messaging/src/main/java/org/springframework/messaging/converter/JsonbMessageConverter.java
org.springframework.messaging.converter.KotlinSerializationJsonMessageConverter	/Users/nima/Developer/null-repair-auto/projects/spring-framework/spring-messaging/src/main/java/org/springframework/messaging/converter/KotlinSerializationJsonMessageConverter.java
org.springframework.messaging.MessageHandlingException	/Users/nima/Developer/null-repair-auto/projects/spring-framework/spring-messaging/src/main/java/org/springframework/messaging/MessageHandlingException.java
org.springframework.messaging.simp.SimpMessageType	/Users/nima/Developer/null-repair-auto/projects/spring-framework/spring-messaging/src/main/java/org/springframework/messaging/simp/SimpMessageType.java
org.springframework.messaging.simp.SimpMessageHeaderAccessor	/Users/nima/Developer/null-repair-auto/projects/spring-framework/spring-messaging/src/main/java/org/springframework/messaging/simp/SimpMessageHeaderAccessor.java
org.springframework.messaging.support.NativeMessageHeaderAccessor	/Users/nima/Developer/null-repair-auto/projects/spring-framework/spring-messaging/src/main/java/org/springframework/messaging/support/NativeMessageHeaderAccessor.java
org.springframework.messaging.support.MessageHeaderAccessor	/Users/nima/Developer/null-repair-auto/projects/spring-framework/spring-messaging/src/main/java/org/springframework/messaging/support/MessageHeaderAccessor.java
org.springframework.messaging.support.MessageHeaderAccessor$MutableMessageHeaders	/Users/nima/Developer/null-repair-auto/projects/spring-framework/spring-messaging/src/main/java/org/springframework/messaging/support/MessageHeaderAccessor.java
org.springframework.messaging.support.IdTimestampMessageHeaderInitializer	/Users/nima/Developer/null-repair-auto/projects/spring-framework/spring-messaging/src/main/java/org/springframework/messaging/support/IdTimestampMessageHeaderInitializer.java
org.springframework.messaging.support.MessageHeaderInitializer	/Users/nima/Developer/null-repair-auto/projects/spring-framework/spring-messaging/src/main/java/org/springframework/messaging/support/MessageHeaderInitializer.java
org.springframework.messaging.simp.broker.DefaultSubscriptionRegistry	/Users/nima/Developer/null-repair-auto/projects/spring-framework/spring-messaging/src/main/java/org/springframework/messaging/simp/broker/DefaultSubscriptionRegistry.java
org.springframework.messaging.simp.broker.DefaultSubscriptionRegistry$DestinationCache	/Users/nima/Developer/null-repair-auto/projects/spring-framework/spring-messaging/src/main/java/org/springframework/messaging/simp/broker/DefaultSubscriptionRegistry.java
org.springframework.messaging.simp.broker.DefaultSubscriptionRegistry$SessionRegistry	/Users/nima/Developer/null-repair-auto/projects/spring-framework/spring-messaging/src/main/java/org/springframework/messaging/simp/broker/DefaultSubscriptionRegistry.java
org.springframework.messaging.simp.broker.DefaultSubscriptionRegistry$SessionInfo	/Users/nima/Developer/null-repair-auto/projects/spring-framework/spring-messaging/src/main/java/org/springframework/messaging/simp/broker/DefaultSubscriptionRegistry.java
org.springframework.messaging.simp.broker.DefaultSubscriptionRegistry$Subscription	/Users/nima/Developer/null-repair-auto/projects/spring-framework/spring-messaging/src/main/java/org/springframework/messaging/simp/broker/DefaultSubscriptionRegistry.java
org.springframework.messaging.simp.broker.DefaultSubscriptionRegistry$SimpMessageHeaderPropertyAccessor	/Users/nima/Developer/null-repair-auto/projects/spring-framework/spring-messaging/src/main/java/org/springframework/messaging/simp/broker/DefaultSubscriptionRegistry.java
org.springframework.messaging.simp.broker.AbstractSubscriptionRegistry	/Users/nima/Developer/null-repair-auto/projects/spring-framework/spring-messaging/src/main/java/org/springframework/messaging/simp/broker/AbstractSubscriptionRegistry.java
org.springframework.messaging.simp.broker.SubscriptionRegistry	/Users/nima/Developer/null-repair-auto/projects/spring-framework/spring-messaging/src/main/java/org/springframework/messaging/simp/broker/SubscriptionRegistry.java
org.springframework.messaging.simp.broker.OrderedMessageChannelDecorator	/Users/nima/Developer/null-repair-auto/projects/spring-framework/spring-messaging/src/main/java/org/springframework/messaging/simp/broker/OrderedMessageChannelDecorator.java
org.springframework.messaging.simp.broker.OrderedMessageChannelDecorator$PostHandleTask	/Users/nima/Developer/null-repair-auto/projects/spring-framework/spring-messaging/src/main/java/org/springframework/messaging/simp/broker/OrderedMessageChannelDecorator.java
org.springframework.messaging.simp.broker.OrderedMessageChannelDecorator$CallbackTaskInterceptor	/Users/nima/Developer/null-repair-auto/projects/spring-framework/spring-messaging/src/main/java/org/springframework/messaging/simp/broker/OrderedMessageChannelDecorator.java
org.springframework.messaging.support.ExecutorChannelInterceptor	/Users/nima/Developer/null-repair-auto/projects/spring-framework/spring-messaging/src/main/java/org/springframework/messaging/support/ExecutorChannelInterceptor.java
org.springframework.messaging.support.ChannelInterceptor	/Users/nima/Developer/null-repair-auto/projects/spring-framework/spring-messaging/src/main/java/org/springframework/messaging/support/ChannelInterceptor.java
org.springframework.messaging.simp.broker.BrokerAvailabilityEvent	/Users/nima/Developer/null-repair-auto/projects/spring-framework/spring-messaging/src/main/java/org/springframework/messaging/simp/broker/BrokerAvailabilityEvent.java
org.springframework.messaging.simp.broker.SimpleBrokerMessageHandler	/Users/nima/Developer/null-repair-auto/projects/spring-framework/spring-messaging/src/main/java/org/springframework/messaging/simp/broker/SimpleBrokerMessageHandler.java
org.springframework.messaging.simp.broker.SimpleBrokerMessageHandler$SessionInfo	/Users/nima/Developer/null-repair-auto/projects/spring-framework/spring-messaging/src/main/java/org/springframework/messaging/simp/broker/SimpleBrokerMessageHandler.java
org.springframework.messaging.simp.broker.SimpleBrokerMessageHandler$HeartbeatTask	/Users/nima/Developer/null-repair-auto/projects/spring-framework/spring-messaging/src/main/java/org/springframework/messaging/simp/broker/SimpleBrokerMessageHandler.java
org.springframework.messaging.simp.broker.AbstractBrokerMessageHandler	/Users/nima/Developer/null-repair-auto/projects/spring-framework/spring-messaging/src/main/java/org/springframework/messaging/simp/broker/AbstractBrokerMessageHandler.java
org.springframework.messaging.simp.broker.AbstractBrokerMessageHandler$UnsentDisconnectChannelInterceptor	/Users/nima/Developer/null-repair-auto/projects/spring-framework/spring-messaging/src/main/java/org/springframework/messaging/simp/broker/AbstractBrokerMessageHandler.java
org.springframework.messaging.SubscribableChannel	/Users/nima/Developer/null-repair-auto/projects/spring-framework/spring-messaging/src/main/java/org/springframework/messaging/SubscribableChannel.java
org.springframework.messaging.simp.SimpAttributes	/Users/nima/Developer/null-repair-auto/projects/spring-framework/spring-messaging/src/main/java/org/springframework/messaging/simp/SimpAttributes.java
org.springframework.messaging.simp.SimpMessageMappingInfo	/Users/nima/Developer/null-repair-auto/projects/spring-framework/spring-messaging/src/main/java/org/springframework/messaging/simp/SimpMessageMappingInfo.java
org.springframework.messaging.simp.SimpMessageTypeMessageCondition	/Users/nima/Developer/null-repair-auto/projects/spring-framework/spring-messaging/src/main/java/org/springframework/messaging/simp/SimpMessageTypeMessageCondition.java
org.springframework.messaging.simp.config.MessageBrokerRegistry	/Users/nima/Developer/null-repair-auto/projects/spring-framework/spring-messaging/src/main/java/org/springframework/messaging/simp/config/MessageBrokerRegistry.java
org.springframework.messaging.simp.config.SimpleBrokerRegistration	/Users/nima/Developer/null-repair-auto/projects/spring-framework/spring-messaging/src/main/java/org/springframework/messaging/simp/config/SimpleBrokerRegistration.java
org.springframework.messaging.simp.config.AbstractBrokerRegistration	/Users/nima/Developer/null-repair-auto/projects/spring-framework/spring-messaging/src/main/java/org/springframework/messaging/simp/config/AbstractBrokerRegistration.java
org.springframework.messaging.simp.config.StompBrokerRelayRegistration	/Users/nima/Developer/null-repair-auto/projects/spring-framework/spring-messaging/src/main/java/org/springframework/messaging/simp/config/StompBrokerRelayRegistration.java
org.springframework.messaging.simp.config.ChannelRegistration	/Users/nima/Developer/null-repair-auto/projects/spring-framework/spring-messaging/src/main/java/org/springframework/messaging/simp/config/ChannelRegistration.java
org.springframework.messaging.simp.stomp.StompBrokerRelayMessageHandler	/Users/nima/Developer/null-repair-auto/projects/spring-framework/spring-messaging/src/main/java/org/springframework/messaging/simp/stomp/StompBrokerRelayMessageHandler.java
org.springframework.messaging.simp.stomp.StompBrokerRelayMessageHandler$RelayConnectionHandler	/Users/nima/Developer/null-repair-auto/projects/spring-framework/spring-messaging/src/main/java/org/springframework/messaging/simp/stomp/StompBrokerRelayMessageHandler.java
org.springframework.messaging.simp.stomp.StompBrokerRelayMessageHandler$SystemSessionConnectionHandler	/Users/nima/Developer/null-repair-auto/projects/spring-framework/spring-messaging/src/main/java/org/springframework/messaging/simp/stomp/StompBrokerRelayMessageHandler.java
org.springframework.messaging.simp.stomp.StompBrokerRelayMessageHandler$ClientSendMessageCountTask	/Users/nima/Developer/null-repair-auto/projects/spring-framework/spring-messaging/src/main/java/org/springframework/messaging/simp/stomp/StompBrokerRelayMessageHandler.java
org.springframework.messaging.simp.stomp.StompBrokerRelayMessageHandler$Stats	/Users/nima/Developer/null-repair-auto/projects/spring-framework/spring-messaging/src/main/java/org/springframework/messaging/simp/stomp/StompBrokerRelayMessageHandler.java
org.springframework.messaging.simp.stomp.StompBrokerRelayMessageHandler$DefaultStats	/Users/nima/Developer/null-repair-auto/projects/spring-framework/spring-messaging/src/main/java/org/springframework/messaging/simp/stomp/StompBrokerRelayMessageHandler.java
org.springframework.messaging.simp.stomp.StompHeaderAccessor	/Users/nima/Developer/null-repair-auto/projects/spring-framework/spring-messaging/src/main/java/org/springframework/messaging/simp/stomp/StompHeaderAccessor.java
org.springframework.messaging.simp.stomp.StompHeaderAccessor$StompPasscode	/Users/nima/Developer/null-repair-auto/projects/spring-framework/spring-messaging/src/main/java/org/springframework/messaging/simp/stomp/StompHeaderAccessor.java
org.springframework.messaging.tcp.TcpOperations	/Users/nima/Developer/null-repair-auto/projects/spring-framework/spring-messaging/src/main/java/org/springframework/messaging/tcp/TcpOperations.java
org.springframework.messaging.simp.stomp.StompTcpConnectionHandler	/Users/nima/Developer/null-repair-auto/projects/spring-framework/spring-messaging/src/main/java/org/springframework/messaging/simp/stomp/StompTcpConnectionHandler.java
org.springframework.messaging.tcp.TcpConnectionHandler	/Users/nima/Developer/null-repair-auto/projects/spring-framework/spring-messaging/src/main/java/org/springframework/messaging/tcp/TcpConnectionHandler.java
org.springframework.messaging.tcp.TcpConnection	/Users/nima/Developer/null-repair-auto/projects/spring-framework/spring-messaging/src/main/java/org/springframework/messaging/tcp/TcpConnection.java
org.springframework.messaging.tcp.ReconnectStrategy	/Users/nima/Developer/null-repair-auto/projects/spring-framework/spring-messaging/src/main/java/org/springframework/messaging/tcp/ReconnectStrategy.java
org.springframework.messaging.simp.stomp.StompCommand	/Users/nima/Developer/null-repair-auto/projects/spring-framework/spring-messaging/src/main/java/org/springframework/messaging/simp/stomp/StompCommand.java
org.springframework.messaging.simp.config.TaskExecutorRegistration	/Users/nima/Developer/null-repair-auto/projects/spring-framework/spring-messaging/src/main/java/org/springframework/messaging/simp/config/TaskExecutorRegistration.java
org.springframework.messaging.simp.config.AbstractMessageBrokerConfiguration	/Users/nima/Developer/null-repair-auto/projects/spring-framework/spring-messaging/src/main/java/org/springframework/messaging/simp/config/AbstractMessageBrokerConfiguration.java
org.springframework.messaging.simp.config.AbstractMessageBrokerConfiguration$1	/Users/nima/Developer/null-repair-auto/projects/spring-framework/spring-messaging/src/main/java/org/springframework/messaging/simp/config/AbstractMessageBrokerConfiguration.java
org.springframework.messaging.support.AbstractSubscribableChannel	/Users/nima/Developer/null-repair-auto/projects/spring-framework/spring-messaging/src/main/java/org/springframework/messaging/support/AbstractSubscribableChannel.java
org.springframework.messaging.support.AbstractMessageChannel	/Users/nima/Developer/null-repair-auto/projects/spring-framework/spring-messaging/src/main/java/org/springframework/messaging/support/AbstractMessageChannel.java
org.springframework.messaging.support.AbstractMessageChannel$ChannelInterceptorChain	/Users/nima/Developer/null-repair-auto/projects/spring-framework/spring-messaging/src/main/java/org/springframework/messaging/support/AbstractMessageChannel.java
org.springframework.messaging.support.InterceptableChannel	/Users/nima/Developer/null-repair-auto/projects/spring-framework/spring-messaging/src/main/java/org/springframework/messaging/support/InterceptableChannel.java
org.springframework.messaging.simp.SimpMessagingTemplate	/Users/nima/Developer/null-repair-auto/projects/spring-framework/spring-messaging/src/main/java/org/springframework/messaging/simp/SimpMessagingTemplate.java
org.springframework.messaging.simp.SimpMessageSendingOperations	/Users/nima/Developer/null-repair-auto/projects/spring-framework/spring-messaging/src/main/java/org/springframework/messaging/simp/SimpMessageSendingOperations.java
org.springframework.messaging.simp.annotation.support.SimpAnnotationMethodMessageHandler	/Users/nima/Developer/null-repair-auto/projects/spring-framework/spring-messaging/src/main/java/org/springframework/messaging/simp/annotation/support/SimpAnnotationMethodMessageHandler.java
org.springframework.messaging.simp.user.UserDestinationResolver	/Users/nima/Developer/null-repair-auto/projects/spring-framework/spring-messaging/src/main/java/org/springframework/messaging/simp/user/UserDestinationResolver.java
org.springframework.messaging.simp.user.UserDestinationMessageHandler	/Users/nima/Developer/null-repair-auto/projects/spring-framework/spring-messaging/src/main/java/org/springframework/messaging/simp/user/UserDestinationMessageHandler.java
org.springframework.messaging.simp.user.UserDestinationMessageHandler$SendHelper	/Users/nima/Developer/null-repair-auto/projects/spring-framework/spring-messaging/src/main/java/org/springframework/messaging/simp/user/UserDestinationMessageHandler.java
org.springframework.messaging.simp.user.UserDestinationMessageHandler$BroadcastHandler	/Users/nima/Developer/null-repair-auto/projects/spring-framework/spring-messaging/src/main/java/org/springframework/messaging/simp/user/UserDestinationMessageHandler.java
org.springframework.messaging.simp.user.SimpUserRegistry	/Users/nima/Developer/null-repair-auto/projects/spring-framework/spring-messaging/src/main/java/org/springframework/messaging/simp/user/SimpUserRegistry.java
org.springframework.messaging.simp.user.SimpUser	/Users/nima/Developer/null-repair-auto/projects/spring-framework/spring-messaging/src/main/java/org/springframework/messaging/simp/user/SimpUser.java
org.springframework.messaging.simp.user.SimpSubscriptionMatcher	/Users/nima/Developer/null-repair-auto/projects/spring-framework/spring-messaging/src/main/java/org/springframework/messaging/simp/user/SimpSubscriptionMatcher.java
org.springframework.messaging.simp.user.SimpSubscription	/Users/nima/Developer/null-repair-auto/projects/spring-framework/spring-messaging/src/main/java/org/springframework/messaging/simp/user/SimpSubscription.java
org.springframework.messaging.simp.user.SimpSession	/Users/nima/Developer/null-repair-auto/projects/spring-framework/spring-messaging/src/main/java/org/springframework/messaging/simp/user/SimpSession.java
org.springframework.messaging.simp.user.UserDestinationResult	/Users/nima/Developer/null-repair-auto/projects/spring-framework/spring-messaging/src/main/java/org/springframework/messaging/simp/user/UserDestinationResult.java
org.springframework.messaging.simp.SimpAttributesContextHolder	/Users/nima/Developer/null-repair-auto/projects/spring-framework/spring-messaging/src/main/java/org/springframework/messaging/simp/SimpAttributesContextHolder.java
org.springframework.messaging.simp.annotation.SubscribeMapping	/Users/nima/Developer/null-repair-auto/projects/spring-framework/spring-messaging/src/main/java/org/springframework/messaging/simp/annotation/SubscribeMapping.java
org.springframework.messaging.simp.annotation.support.MissingSessionUserException	/Users/nima/Developer/null-repair-auto/projects/spring-framework/spring-messaging/src/main/java/org/springframework/messaging/simp/annotation/support/MissingSessionUserException.java
org.springframework.messaging.simp.annotation.support.SubscriptionMethodReturnValueHandler	/Users/nima/Developer/null-repair-auto/projects/spring-framework/spring-messaging/src/main/java/org/springframework/messaging/simp/annotation/support/SubscriptionMethodReturnValueHandler.java
org.springframework.messaging.simp.annotation.support.PrincipalMethodArgumentResolver	/Users/nima/Developer/null-repair-auto/projects/spring-framework/spring-messaging/src/main/java/org/springframework/messaging/simp/annotation/support/PrincipalMethodArgumentResolver.java
org.springframework.messaging.simp.annotation.support.SendToMethodReturnValueHandler	/Users/nima/Developer/null-repair-auto/projects/spring-framework/spring-messaging/src/main/java/org/springframework/messaging/simp/annotation/support/SendToMethodReturnValueHandler.java
org.springframework.messaging.simp.annotation.support.SendToMethodReturnValueHandler$DestinationHelper	/Users/nima/Developer/null-repair-auto/projects/spring-framework/spring-messaging/src/main/java/org/springframework/messaging/simp/annotation/support/SendToMethodReturnValueHandler.java
org.springframework.messaging.simp.annotation.SendToUser	/Users/nima/Developer/null-repair-auto/projects/spring-framework/spring-messaging/src/main/java/org/springframework/messaging/simp/annotation/SendToUser.java
org.springframework.messaging.simp.SimpSessionScope	/Users/nima/Developer/null-repair-auto/projects/spring-framework/spring-messaging/src/main/java/org/springframework/messaging/simp/SimpSessionScope.java
org.springframework.messaging.simp.user.UserRegistryMessageHandler	/Users/nima/Developer/null-repair-auto/projects/spring-framework/spring-messaging/src/main/java/org/springframework/messaging/simp/user/UserRegistryMessageHandler.java
org.springframework.messaging.simp.user.UserRegistryMessageHandler$UserRegistryTask	/Users/nima/Developer/null-repair-auto/projects/spring-framework/spring-messaging/src/main/java/org/springframework/messaging/simp/user/UserRegistryMessageHandler.java
org.springframework.messaging.simp.user.MultiServerUserRegistry	/Users/nima/Developer/null-repair-auto/projects/spring-framework/spring-messaging/src/main/java/org/springframework/messaging/simp/user/MultiServerUserRegistry.java
org.springframework.messaging.simp.user.MultiServerUserRegistry$UserRegistrySnapshot	/Users/nima/Developer/null-repair-auto/projects/spring-framework/spring-messaging/src/main/java/org/springframework/messaging/simp/user/MultiServerUserRegistry.java
org.springframework.messaging.simp.user.MultiServerUserRegistry$TransferSimpUser	/Users/nima/Developer/null-repair-auto/projects/spring-framework/spring-messaging/src/main/java/org/springframework/messaging/simp/user/MultiServerUserRegistry.java
org.springframework.messaging.simp.user.MultiServerUserRegistry$TransferSimpSession	/Users/nima/Developer/null-repair-auto/projects/spring-framework/spring-messaging/src/main/java/org/springframework/messaging/simp/user/MultiServerUserRegistry.java
org.springframework.messaging.simp.user.MultiServerUserRegistry$TransferSimpSubscription	/Users/nima/Developer/null-repair-auto/projects/spring-framework/spring-messaging/src/main/java/org/springframework/messaging/simp/user/MultiServerUserRegistry.java
org.springframework.messaging.simp.user.MultiServerUserRegistry$SessionLookup	/Users/nima/Developer/null-repair-auto/projects/spring-framework/spring-messaging/src/main/java/org/springframework/messaging/simp/user/MultiServerUserRegistry.java
org.springframework.messaging.simp.user.DestinationUserNameProvider	/Users/nima/Developer/null-repair-auto/projects/spring-framework/spring-messaging/src/main/java/org/springframework/messaging/simp/user/DestinationUserNameProvider.java
org.springframework.messaging.simp.user.DefaultUserDestinationResolver	/Users/nima/Developer/null-repair-auto/projects/spring-framework/spring-messaging/src/main/java/org/springframework/messaging/simp/user/DefaultUserDestinationResolver.java
org.springframework.messaging.simp.user.DefaultUserDestinationResolver$ParseResult	/Users/nima/Developer/null-repair-auto/projects/spring-framework/spring-messaging/src/main/java/org/springframework/messaging/simp/user/DefaultUserDestinationResolver.java
org.springframework.messaging.simp.SimpLogging	/Users/nima/Developer/null-repair-auto/projects/spring-framework/spring-messaging/src/main/java/org/springframework/messaging/simp/SimpLogging.java
org.springframework.messaging.simp.stomp.StompSessionHandlerAdapter	/Users/nima/Developer/null-repair-auto/projects/spring-framework/spring-messaging/src/main/java/org/springframework/messaging/simp/stomp/StompSessionHandlerAdapter.java
org.springframework.messaging.simp.stomp.StompSessionHandler	/Users/nima/Developer/null-repair-auto/projects/spring-framework/spring-messaging/src/main/java/org/springframework/messaging/simp/stomp/StompSessionHandler.java
org.springframework.messaging.simp.stomp.StompFrameHandler	/Users/nima/Developer/null-repair-auto/projects/spring-framework/spring-messaging/src/main/java/org/springframework/messaging/simp/stomp/StompFrameHandler.java
org.springframework.messaging.simp.stomp.StompHeaders	/Users/nima/Developer/null-repair-auto/projects/spring-framework/spring-messaging/src/main/java/org/springframework/messaging/simp/stomp/StompHeaders.java
org.springframework.messaging.simp.stomp.StompSession	/Users/nima/Developer/null-repair-auto/projects/spring-framework/spring-messaging/src/main/java/org/springframework/messaging/simp/stomp/StompSession.java
org.springframework.messaging.simp.stomp.StompSession$Receiptable	/Users/nima/Developer/null-repair-auto/projects/spring-framework/spring-messaging/src/main/java/org/springframework/messaging/simp/stomp/StompSession.java
org.springframework.messaging.simp.stomp.StompSession$Subscription	/Users/nima/Developer/null-repair-auto/projects/spring-framework/spring-messaging/src/main/java/org/springframework/messaging/simp/stomp/StompSession.java
org.springframework.messaging.simp.stomp.BufferingStompDecoder	/Users/nima/Developer/null-repair-auto/projects/spring-framework/spring-messaging/src/main/java/org/springframework/messaging/simp/stomp/BufferingStompDecoder.java
org.springframework.messaging.simp.stomp.StompDecoder	/Users/nima/Developer/null-repair-auto/projects/spring-framework/spring-messaging/src/main/java/org/springframework/messaging/simp/stomp/StompDecoder.java
org.springframework.messaging.simp.stomp.StompConversionException	/Users/nima/Developer/null-repair-auto/projects/spring-framework/spring-messaging/src/main/java/org/springframework/messaging/simp/stomp/StompConversionException.java
org.springframework.messaging.simp.stomp.ConnectionHandlingStompSession	/Users/nima/Developer/null-repair-auto/projects/spring-framework/spring-messaging/src/main/java/org/springframework/messaging/simp/stomp/ConnectionHandlingStompSession.java
org.springframework.messaging.simp.stomp.ReactorNettyTcpStompClient	/Users/nima/Developer/null-repair-auto/projects/spring-framework/spring-messaging/src/main/java/org/springframework/messaging/simp/stomp/ReactorNettyTcpStompClient.java
org.springframework.messaging.simp.stomp.StompClientSupport	/Users/nima/Developer/null-repair-auto/projects/spring-framework/spring-messaging/src/main/java/org/springframework/messaging/simp/stomp/StompClientSupport.java
org.springframework.messaging.simp.stomp.StompTcpMessageCodec	/Users/nima/Developer/null-repair-auto/projects/spring-framework/spring-messaging/src/main/java/org/springframework/messaging/simp/stomp/StompTcpMessageCodec.java
org.springframework.messaging.tcp.reactor.TcpMessageCodec	/Users/nima/Developer/null-repair-auto/projects/spring-framework/spring-messaging/src/main/java/org/springframework/messaging/tcp/reactor/TcpMessageCodec.java
org.springframework.messaging.simp.stomp.StompEncoder	/Users/nima/Developer/null-repair-auto/projects/spring-framework/spring-messaging/src/main/java/org/springframework/messaging/simp/stomp/StompEncoder.java
org.springframework.messaging.simp.stomp.StompEncoder$1	/Users/nima/Developer/null-repair-auto/projects/spring-framework/spring-messaging/src/main/java/org/springframework/messaging/simp/stomp/StompEncoder.java
org.springframework.messaging.simp.stomp.StompEncoder$Result	/Users/nima/Developer/null-repair-auto/projects/spring-framework/spring-messaging/src/main/java/org/springframework/messaging/simp/stomp/StompEncoder.java
org.springframework.messaging.simp.stomp.StompEncoder$DefaultResult	/Users/nima/Developer/null-repair-auto/projects/spring-framework/spring-messaging/src/main/java/org/springframework/messaging/simp/stomp/StompEncoder.java
org.springframework.messaging.simp.stomp.StompReactorNettyCodec	/Users/nima/Developer/null-repair-auto/projects/spring-framework/spring-messaging/src/main/java/org/springframework/messaging/simp/stomp/StompReactorNettyCodec.java
org.springframework.messaging.tcp.reactor.AbstractNioBufferReactorNettyCodec	/Users/nima/Developer/null-repair-auto/projects/spring-framework/spring-messaging/src/main/java/org/springframework/messaging/tcp/reactor/AbstractNioBufferReactorNettyCodec.java
org.springframework.messaging.tcp.reactor.ReactorNettyCodec	/Users/nima/Developer/null-repair-auto/projects/spring-framework/spring-messaging/src/main/java/org/springframework/messaging/tcp/reactor/ReactorNettyCodec.java
org.springframework.messaging.simp.stomp.DefaultStompSession	/Users/nima/Developer/null-repair-auto/projects/spring-framework/spring-messaging/src/main/java/org/springframework/messaging/simp/stomp/DefaultStompSession.java
org.springframework.messaging.simp.stomp.DefaultStompSession$ReceiptHandler	/Users/nima/Developer/null-repair-auto/projects/spring-framework/spring-messaging/src/main/java/org/springframework/messaging/simp/stomp/DefaultStompSession.java
org.springframework.messaging.simp.stomp.DefaultStompSession$DefaultSubscription	/Users/nima/Developer/null-repair-auto/projects/spring-framework/spring-messaging/src/main/java/org/springframework/messaging/simp/stomp/DefaultStompSession.java
org.springframework.messaging.simp.stomp.DefaultStompSession$WriteInactivityTask	/Users/nima/Developer/null-repair-auto/projects/spring-framework/spring-messaging/src/main/java/org/springframework/messaging/simp/stomp/DefaultStompSession.java
org.springframework.messaging.simp.stomp.DefaultStompSession$ReadInactivityTask	/Users/nima/Developer/null-repair-auto/projects/spring-framework/spring-messaging/src/main/java/org/springframework/messaging/simp/stomp/DefaultStompSession.java
org.springframework.messaging.simp.stomp.ConnectionLostException	/Users/nima/Developer/null-repair-auto/projects/spring-framework/spring-messaging/src/main/java/org/springframework/messaging/simp/stomp/ConnectionLostException.java
org.springframework.messaging.simp.stomp.SplittingStompEncoder	/Users/nima/Developer/null-repair-auto/projects/spring-framework/spring-messaging/src/main/java/org/springframework/messaging/simp/stomp/SplittingStompEncoder.java
org.springframework.messaging.rsocket.DefaultRSocketStrategies	/Users/nima/Developer/null-repair-auto/projects/spring-framework/spring-messaging/src/main/java/org/springframework/messaging/rsocket/DefaultRSocketStrategies.java
org.springframework.messaging.rsocket.DefaultRSocketStrategies$DefaultRSocketStrategiesBuilder	/Users/nima/Developer/null-repair-auto/projects/spring-framework/spring-messaging/src/main/java/org/springframework/messaging/rsocket/DefaultRSocketStrategies.java
org.springframework.messaging.rsocket.RSocketStrategies	/Users/nima/Developer/null-repair-auto/projects/spring-framework/spring-messaging/src/main/java/org/springframework/messaging/rsocket/RSocketStrategies.java
org.springframework.messaging.rsocket.RSocketStrategies$Builder	/Users/nima/Developer/null-repair-auto/projects/spring-framework/spring-messaging/src/main/java/org/springframework/messaging/rsocket/RSocketStrategies.java
org.springframework.messaging.rsocket.MetadataExtractor	/Users/nima/Developer/null-repair-auto/projects/spring-framework/spring-messaging/src/main/java/org/springframework/messaging/rsocket/MetadataExtractor.java
org.springframework.messaging.rsocket.MetadataExtractorRegistry	/Users/nima/Developer/null-repair-auto/projects/spring-framework/spring-messaging/src/main/java/org/springframework/messaging/rsocket/MetadataExtractorRegistry.java
org.springframework.messaging.rsocket.RSocketRequester	/Users/nima/Developer/null-repair-auto/projects/spring-framework/spring-messaging/src/main/java/org/springframework/messaging/rsocket/RSocketRequester.java
org.springframework.messaging.rsocket.RSocketRequester$Builder	/Users/nima/Developer/null-repair-auto/projects/spring-framework/spring-messaging/src/main/java/org/springframework/messaging/rsocket/RSocketRequester.java
org.springframework.messaging.rsocket.RSocketRequester$RequestSpec	/Users/nima/Developer/null-repair-auto/projects/spring-framework/spring-messaging/src/main/java/org/springframework/messaging/rsocket/RSocketRequester.java
org.springframework.messaging.rsocket.RSocketRequester$MetadataSpec	/Users/nima/Developer/null-repair-auto/projects/spring-framework/spring-messaging/src/main/java/org/springframework/messaging/rsocket/RSocketRequester.java
org.springframework.messaging.rsocket.RSocketRequester$RetrieveSpec	/Users/nima/Developer/null-repair-auto/projects/spring-framework/spring-messaging/src/main/java/org/springframework/messaging/rsocket/RSocketRequester.java
org.springframework.messaging.rsocket.RSocketConnectorConfigurer	/Users/nima/Developer/null-repair-auto/projects/spring-framework/spring-messaging/src/main/java/org/springframework/messaging/rsocket/RSocketConnectorConfigurer.java
org.springframework.messaging.rsocket.DefaultMetadataExtractor	/Users/nima/Developer/null-repair-auto/projects/spring-framework/spring-messaging/src/main/java/org/springframework/messaging/rsocket/DefaultMetadataExtractor.java
org.springframework.messaging.rsocket.DefaultMetadataExtractor$EntryExtractor	/Users/nima/Developer/null-repair-auto/projects/spring-framework/spring-messaging/src/main/java/org/springframework/messaging/rsocket/DefaultMetadataExtractor.java
org.springframework.messaging.rsocket.annotation.ConnectMapping	/Users/nima/Developer/null-repair-auto/projects/spring-framework/spring-messaging/src/main/java/org/springframework/messaging/rsocket/annotation/ConnectMapping.java
org.springframework.messaging.rsocket.annotation.support.RSocketRequesterMethodArgumentResolver	/Users/nima/Developer/null-repair-auto/projects/spring-framework/spring-messaging/src/main/java/org/springframework/messaging/rsocket/annotation/support/RSocketRequesterMethodArgumentResolver.java
org.springframework.messaging.rsocket.annotation.support.RSocketPayloadReturnValueHandler	/Users/nima/Developer/null-repair-auto/projects/spring-framework/spring-messaging/src/main/java/org/springframework/messaging/rsocket/annotation/support/RSocketPayloadReturnValueHandler.java
org.springframework.messaging.rsocket.annotation.support.RSocketMessageHandler	/Users/nima/Developer/null-repair-auto/projects/spring-framework/spring-messaging/src/main/java/org/springframework/messaging/rsocket/annotation/support/RSocketMessageHandler.java
org.springframework.messaging.rsocket.annotation.support.MessagingRSocket	/Users/nima/Developer/null-repair-auto/projects/spring-framework/spring-messaging/src/main/java/org/springframework/messaging/rsocket/annotation/support/MessagingRSocket.java
org.springframework.messaging.rsocket.annotation.support.RSocketFrameTypeMessageCondition	/Users/nima/Developer/null-repair-auto/projects/spring-framework/spring-messaging/src/main/java/org/springframework/messaging/rsocket/annotation/support/RSocketFrameTypeMessageCondition.java
org.springframework.messaging.rsocket.DefaultRSocketRequesterBuilder	/Users/nima/Developer/null-repair-auto/projects/spring-framework/spring-messaging/src/main/java/org/springframework/messaging/rsocket/DefaultRSocketRequesterBuilder.java
org.springframework.messaging.rsocket.DefaultRSocketRequester	/Users/nima/Developer/null-repair-auto/projects/spring-framework/spring-messaging/src/main/java/org/springframework/messaging/rsocket/DefaultRSocketRequester.java
org.springframework.messaging.rsocket.DefaultRSocketRequester$DefaultRequestSpec	/Users/nima/Developer/null-repair-auto/projects/spring-framework/spring-messaging/src/main/java/org/springframework/messaging/rsocket/DefaultRSocketRequester.java
org.springframework.messaging.rsocket.MetadataEncoder	/Users/nima/Developer/null-repair-auto/projects/spring-framework/spring-messaging/src/main/java/org/springframework/messaging/rsocket/MetadataEncoder.java
org.springframework.messaging.rsocket.MetadataEncoder$MetadataEntry	/Users/nima/Developer/null-repair-auto/projects/spring-framework/spring-messaging/src/main/java/org/springframework/messaging/rsocket/MetadataEncoder.java
org.springframework.messaging.rsocket.service.PayloadArgumentResolver	/Users/nima/Developer/null-repair-auto/projects/spring-framework/spring-messaging/src/main/java/org/springframework/messaging/rsocket/service/PayloadArgumentResolver.java
org.springframework.messaging.rsocket.service.RSocketServiceArgumentResolver	/Users/nima/Developer/null-repair-auto/projects/spring-framework/spring-messaging/src/main/java/org/springframework/messaging/rsocket/service/RSocketServiceArgumentResolver.java
org.springframework.messaging.rsocket.service.RSocketRequestValues	/Users/nima/Developer/null-repair-auto/projects/spring-framework/spring-messaging/src/main/java/org/springframework/messaging/rsocket/service/RSocketRequestValues.java
org.springframework.messaging.rsocket.service.RSocketRequestValues$Builder	/Users/nima/Developer/null-repair-auto/projects/spring-framework/spring-messaging/src/main/java/org/springframework/messaging/rsocket/service/RSocketRequestValues.java
org.springframework.messaging.rsocket.service.RSocketRequestValues$MetadataHelper	/Users/nima/Developer/null-repair-auto/projects/spring-framework/spring-messaging/src/main/java/org/springframework/messaging/rsocket/service/RSocketRequestValues.java
org.springframework.messaging.rsocket.service.RSocketServiceMethod	/Users/nima/Developer/null-repair-auto/projects/spring-framework/spring-messaging/src/main/java/org/springframework/messaging/rsocket/service/RSocketServiceMethod.java
org.springframework.messaging.rsocket.service.MetadataArgumentResolver	/Users/nima/Developer/null-repair-auto/projects/spring-framework/spring-messaging/src/main/java/org/springframework/messaging/rsocket/service/MetadataArgumentResolver.java
org.springframework.messaging.rsocket.service.RSocketExchangeReflectiveProcessor	/Users/nima/Developer/null-repair-auto/projects/spring-framework/spring-messaging/src/main/java/org/springframework/messaging/rsocket/service/RSocketExchangeReflectiveProcessor.java
org.springframework.messaging.rsocket.service.DestinationVariableArgumentResolver	/Users/nima/Developer/null-repair-auto/projects/spring-framework/spring-messaging/src/main/java/org/springframework/messaging/rsocket/service/DestinationVariableArgumentResolver.java
org.springframework.messaging.rsocket.service.RSocketServiceProxyFactory	/Users/nima/Developer/null-repair-auto/projects/spring-framework/spring-messaging/src/main/java/org/springframework/messaging/rsocket/service/RSocketServiceProxyFactory.java
org.springframework.messaging.rsocket.service.RSocketServiceProxyFactory$Builder	/Users/nima/Developer/null-repair-auto/projects/spring-framework/spring-messaging/src/main/java/org/springframework/messaging/rsocket/service/RSocketServiceProxyFactory.java
org.springframework.messaging.rsocket.service.RSocketServiceProxyFactory$ServiceMethodInterceptor	/Users/nima/Developer/null-repair-auto/projects/spring-framework/spring-messaging/src/main/java/org/springframework/messaging/rsocket/service/RSocketServiceProxyFactory.java
org.springframework.messaging.rsocket.service.RSocketExchange	/Users/nima/Developer/null-repair-auto/projects/spring-framework/spring-messaging/src/main/java/org/springframework/messaging/rsocket/service/RSocketExchange.java
org.springframework.messaging.rsocket.service.RSocketExchangeBeanRegistrationAotProcessor	/Users/nima/Developer/null-repair-auto/projects/spring-framework/spring-messaging/src/main/java/org/springframework/messaging/rsocket/service/RSocketExchangeBeanRegistrationAotProcessor.java
org.springframework.messaging.rsocket.service.RSocketExchangeBeanRegistrationAotProcessor$AotContribution	/Users/nima/Developer/null-repair-auto/projects/spring-framework/spring-messaging/src/main/java/org/springframework/messaging/rsocket/service/RSocketExchangeBeanRegistrationAotProcessor.java
org.springframework.messaging.rsocket.PayloadUtils	/Users/nima/Developer/null-repair-auto/projects/spring-framework/spring-messaging/src/main/java/org/springframework/messaging/rsocket/PayloadUtils.java
org.springframework.messaging.tcp.FixedIntervalReconnectStrategy	/Users/nima/Developer/null-repair-auto/projects/spring-framework/spring-messaging/src/main/java/org/springframework/messaging/tcp/FixedIntervalReconnectStrategy.java
org.springframework.messaging.tcp.reactor.ReactorNettyTcpClient	/Users/nima/Developer/null-repair-auto/projects/spring-framework/spring-messaging/src/main/java/org/springframework/messaging/tcp/reactor/ReactorNettyTcpClient.java
org.springframework.messaging.tcp.reactor.ReactorNettyTcpClient$ReactorNettyHandler	/Users/nima/Developer/null-repair-auto/projects/spring-framework/spring-messaging/src/main/java/org/springframework/messaging/tcp/reactor/ReactorNettyTcpClient.java
org.springframework.messaging.tcp.reactor.ReactorNettyTcpClient$StompMessageDecoder	/Users/nima/Developer/null-repair-auto/projects/spring-framework/spring-messaging/src/main/java/org/springframework/messaging/tcp/reactor/ReactorNettyTcpClient.java
org.springframework.messaging.tcp.reactor.ReactorNettyTcpConnection	/Users/nima/Developer/null-repair-auto/projects/spring-framework/spring-messaging/src/main/java/org/springframework/messaging/tcp/reactor/ReactorNettyTcpConnection.java
org.springframework.messaging.tcp.reactor.ReactorNetty2TcpConnection	/Users/nima/Developer/null-repair-auto/projects/spring-framework/spring-messaging/src/main/java/org/springframework/messaging/tcp/reactor/ReactorNetty2TcpConnection.java
org.springframework.messaging.tcp.reactor.ReactorNetty2TcpClient	/Users/nima/Developer/null-repair-auto/projects/spring-framework/spring-messaging/src/main/java/org/springframework/messaging/tcp/reactor/ReactorNetty2TcpClient.java
org.springframework.messaging.tcp.reactor.ReactorNetty2TcpClient$ReactorNettyHandler	/Users/nima/Developer/null-repair-auto/projects/spring-framework/spring-messaging/src/main/java/org/springframework/messaging/tcp/reactor/ReactorNetty2TcpClient.java
org.springframework.messaging.tcp.reactor.ReactorNetty2TcpClient$StompMessageDecoder	/Users/nima/Developer/null-repair-auto/projects/spring-framework/spring-messaging/src/main/java/org/springframework/messaging/tcp/reactor/ReactorNetty2TcpClient.java
org.springframework.messaging.support.MessageHandlingRunnable	/Users/nima/Developer/null-repair-auto/projects/spring-framework/spring-messaging/src/main/java/org/springframework/messaging/support/MessageHandlingRunnable.java
org.springframework.messaging.support.MessageBuilder	/Users/nima/Developer/null-repair-auto/projects/spring-framework/spring-messaging/src/main/java/org/springframework/messaging/support/MessageBuilder.java
org.springframework.messaging.support.ExecutorSubscribableChannel	/Users/nima/Developer/null-repair-auto/projects/spring-framework/spring-messaging/src/main/java/org/springframework/messaging/support/ExecutorSubscribableChannel.java
org.springframework.messaging.support.ExecutorSubscribableChannel$SendTask	/Users/nima/Developer/null-repair-auto/projects/spring-framework/spring-messaging/src/main/java/org/springframework/messaging/support/ExecutorSubscribableChannel.java
org.springframework.messaging.support.GenericMessage	/Users/nima/Developer/null-repair-auto/projects/spring-framework/spring-messaging/src/main/java/org/springframework/messaging/support/GenericMessage.java
org.springframework.messaging.support.ImmutableMessageChannelInterceptor	/Users/nima/Developer/null-repair-auto/projects/spring-framework/spring-messaging/src/main/java/org/springframework/messaging/support/ImmutableMessageChannelInterceptor.java
org.springframework.messaging.support.ErrorMessage	/Users/nima/Developer/null-repair-auto/projects/spring-framework/spring-messaging/src/main/java/org/springframework/messaging/support/ErrorMessage.java
org.springframework.messaging.support.HeaderMapper	/Users/nima/Developer/null-repair-auto/projects/spring-framework/spring-messaging/src/main/java/org/springframework/messaging/support/HeaderMapper.java
org.springframework.messaging.support.AbstractHeaderMapper	/Users/nima/Developer/null-repair-auto/projects/spring-framework/spring-messaging/src/main/java/org/springframework/messaging/support/AbstractHeaderMapper.java
